{
  "all_epochs": {
    "00": {
      "mIoU": 0.5319736710634331,
      "overall_acc": 0.8272344654305654,
      "binary_sem": {
        "tp": 56840423,
        "fp": 4385860,
        "fn": 1113443,
        "tn": 16379337,
        "precision": 0.9283663847436239,
        "recall": 0.9807874249493554,
        "f1": 0.9538572233199676
      },
      "binary_pt": {
        "tp": 56969760,
        "fp": 4679320,
        "fn": 984106,
        "tn": 16085877,
        "precision": 0.92409748855944,
        "recall": 0.9830191483688077,
        "f1": 0.9526481061762474
      }
    },
    "01": {
      "mIoU": 0.5907226294872052,
      "overall_acc": 0.8526535433990112,
      "binary_sem": {
        "tp": 57227705,
        "fp": 3973025,
        "fn": 726161,
        "tn": 16792172,
        "precision": 0.9350820651975883,
        "recall": 0.987470016236708,
        "f1": 0.9605622765906572
      },
      "binary_pt": {
        "tp": 57233561,
        "fp": 3859015,
        "fn": 720305,
        "tn": 16906182,
        "precision": 0.9368333232502751,
        "recall": 0.9875710621272444,
        "f1": 0.9615333316723569
      }
    },
    "02": {
      "mIoU": 0.6382530026057691,
      "overall_acc": 0.8826227263401243,
      "binary_sem": {
        "tp": 57061567,
        "fp": 2657816,
        "fn": 892299,
        "tn": 18107381,
        "precision": 0.9554949186263361,
        "recall": 0.984603287725447,
        "f1": 0.9698307386753637
      },
      "binary_pt": {
        "tp": 57159031,
        "fp": 2850283,
        "fn": 794835,
        "tn": 17914914,
        "precision": 0.9525026565042887,
        "recall": 0.9862850392068754,
        "f1": 0.9690995274966308
      }
    }
  },
  "winner_epoch": "02",
  "winner_ckpt": "checkpoints/finetune/ptv3_pt_epoch02.pth",
  "winner_metrics": {
    "mIoU": 0.6382530026057691,
    "overall_acc": 0.8826227263401243,
    "binary_sem": {
      "tp": 57061567,
      "fp": 2657816,
      "fn": 892299,
      "tn": 18107381,
      "precision": 0.9554949186263361,
      "recall": 0.984603287725447,
      "f1": 0.9698307386753637
    },
    "binary_pt": {
      "tp": 57159031,
      "fp": 2850283,
      "fn": 794835,
      "tn": 17914914,
      "precision": 0.9525026565042887,
      "recall": 0.9862850392068754,
      "f1": 0.9690995274966308
    },
    "per_class": [
      {
        "class_id": 0,
        "name": "ceiling",
        "tp": 14667263,
        "fp": 609777,
        "fn": 711532,
        "target": 15378795,
        "iou": 0.917359161280945
      },
      {
        "class_id": 1,
        "name": "floor",
        "tp": 12885166,
        "fp": 191884,
        "fn": 115730,
        "target": 13000896,
        "iou": 0.9766831554835296
      },
      {
        "class_id": 2,
        "name": "wall",
        "tp": 22515848,
        "fp": 5059129,
        "fn": 504045,
        "target": 23019893,
        "iou": 0.801874367276752
      },
      {
        "class_id": 3,
        "name": "beam",
        "tp": 0,
        "fp": 131891,
        "fn": 22424,
        "target": 22424,
        "iou": 0.0
      },
      {
        "class_id": 4,
        "name": "column",
        "tp": 500456,
        "fp": 113495,
        "fn": 882931,
        "target": 1383387,
        "iou": 0.3343322987383107
      },
      {
        "class_id": 5,
        "name": "window",
        "tp": 1628187,
        "fp": 90861,
        "fn": 1135825,
        "target": 2764012,
        "iou": 0.5703185395637564
      },
      {
        "class_id": 6,
        "name": "door",
        "tp": 1163910,
        "fp": 161516,
        "fn": 1220549,
        "target": 2384459,
        "iou": 0.45715688488692935
      },
      {
        "class_id": 7,
        "name": "table",
        "tp": 2663332,
        "fp": 332472,
        "fn": 285589,
        "target": 2948921,
        "iou": 0.8116467609944923
      },
      {
        "class_id": 8,
        "name": "chair",
        "tp": 1391701,
        "fp": 81371,
        "fn": 74125,
        "target": 1465826,
        "iou": 0.8994982539392204
      },
      {
        "class_id": 9,
        "name": "sofa",
        "tp": 140496,
        "fp": 22751,
        "fn": 71506,
        "target": 212002,
        "iou": 0.5984843644170682
      },
      {
        "class_id": 10,
        "name": "bookcase",
        "tp": 6281866,
        "fp": 688023,
        "fn": 1849775,
        "target": 8131641,
        "iou": 0.7122568388092789
      },
      {
        "class_id": 11,
        "name": "board",
        "tp": 662575,
        "fp": 88513,
        "fn": 271181,
        "target": 933756,
        "iou": 0.6481415361318792
      },
      {
        "class_id": 12,
        "name": "clutter",
        "tp": 4978434,
        "fp": 1668146,
        "fn": 2094617,
        "target": 7073051,
        "iou": 0.5695368723528368
      }
    ]
  }
}